#{"t_start": 1729511790.5114403, "env_id": "CarRacingCustomTest-v0"}
r,l,t
29418.018764,1000,70.347615
83565.369757,1000,142.034377
44456.154357,1000,214.094659
31916.220203,1000,286.606283
41471.590193,1000,361.051766
38732.032605,1000,433.612589
54620.573509,1000,556.128
46916.590193,1000,629.094645
38223.57432,1000,703.059015
43462.564219,1000,778.939821
79633.053729,1000,854.963298
62349.027666,1000,934.976349
73204.78347,1000,1062.999532
57083.147915,1000,1138.831017
79981.638836,1000,1216.640513
85813.503714,1000,1290.321052
60844.300815,1000,1370.295317
79605.769768,1000,1443.405842
58102.046542,1000,1571.829242
54832.513878,1000,1651.61783
170236.119122,1000,1741.207628
73108.369641,1000,1818.943699
129754.685431,1000,1894.959109
86384.068147,1000,1967.264102
83454.663715,1000,2038.125448
124133.416688,1000,2158.01499
155693.79196,1000,2226.650417
118957.93473,1000,2296.382631
54047.103731,1000,2368.201022
163707.001815,1000,2441.694309
154850.293011,1000,2543.373825
133799.787717,1000,2676.657492
173922.665604,1000,2797.244238
194938.695456,1000,2897.38702
166423.403379,1000,2996.911263
58249.579048,1000,3127.398897
240193.473309,1000,3258.940549
173042.119483,1000,3442.994464
292889.630486,1000,3573.345641
273662.603602,1000,3709.274529
223478.363592,1000,3850.718045
177359.900683,1000,3990.821831
204157.492448,1000,4121.341902
172144.964009,1000,4255.209356
283394.969119,1000,4335.407586
78452.740986,1000,4444.057636
201910.875907,1000,4547.73618
57886.231822,1000,4620.45033
79054.616702,1000,4693.686395
242934.205814,1000,4770.492336
201494.334553,1000,4902.430337
235027.173694,1000,4984.18278
257612.463208,1000,5069.067905
215523.89065,1000,5155.500082
241206.751158,1000,5239.717334
175807.072018,1000,5321.543551
167831.480302,1000,5456.314677
208039.447335,1000,5535.947648
231986.200582,1000,5615.987227
216902.634149,1000,5696.953665
277139.563479,1000,5776.156091
173245.189182,1000,5881.638466
211029.653984,1000,6118.579067
169475.711072,1000,6270.962778
205935.875907,1000,6409.296206
149500.174241,1000,6516.03955
235027.550537,1000,6591.063226
195309.398074,1000,6671.442076
176295.407299,1000,6815.62335
207992.092838,1000,6929.211543
121349.32188,1000,7037.020405
219069.379308,1000,7122.793839
209283.912804,1000,7205.89118
173691.410577,1000,7285.764286
183244.407653,1000,7369.465829
204653.82318,1000,7512.187386
262679.048176,1000,7599.257506
197158.494954,1000,7684.017279
212137.196846,1000,7771.293291
201737.097711,1000,7852.893826
305520.731942,1000,7938.276526
188000.210545,1000,8112.419763
196275.401314,1000,8207.851132
214145.878543,1000,8321.413395
181554.459442,1000,8442.959289
201195.469744,1000,8580.498208
190862.370923,1000,8720.965488
145204.60413,1000,8955.900844
213912.046068,1000,9098.875995
263117.109673,1000,9240.160988
232977.696183,1000,9381.861789
258713.131546,1000,9528.2747
244966.676482,1000,9685.998658
183546.858354,1000,9822.856444
228908.278504,1000,9897.970008
189362.28628,1000,9992.429613
176459.554814,1000,10139.562102
186885.626737,1000,10278.237318
189245.418145,1000,10383.417368
216195.229648,1000,10499.757432
226772.748494,1000,10666.438395
198908.150343,1000,10766.425104
184794.433858,1000,10918.713361
218024.662121,1000,11075.284757
200621.661148,1000,11233.458492
187483.808238,1000,11390.662375
127231.259871,1000,11652.894529
237937.52231,1000,11816.275104
189160.665823,1000,11964.812647
192784.215947,1000,12139.02837
217197.624027,1000,12281.081669
180521.493084,1000,18932.745303
261821.155295,1000,19088.568517
178796.501736,1000,19165.348068
311081.513574,1000,19235.117848
65191.667413,1000,19317.477313
177752.248155,1000,19406.684015
243179.007775,1000,19484.600493
224973.362275,1000,19623.378422
207638.797985,1000,19700.728053
356506.097056,1000,19779.260081
272993.957331,1000,19860.689218
352095.554996,1000,19979.512266
176877.28394,1000,20066.42479
211560.244912,1000,20135.071661
245392.702308,1000,20249.981802
272036.871223,1000,20320.00671
212919.696616,1000,20389.180962
385520.53675,1000,20466.184245
396301.84776,1000,20541.076238
311022.690044,1000,20617.760394
257809.528198,1000,20744.961479
279863.82296,1000,20819.677609
384290.156169,1000,20897.17953
227062.011697,1000,20975.4709
349013.413501,1000,21053.676092
214147.540948,1000,21130.967935
228249.374696,1000,21259.796018
220517.562837,1000,21337.79267
207220.835665,1000,21413.426291
203865.76796,1000,21506.541751
225343.69444,1000,21598.142021
357799.015074,1000,21677.260403
231228.145346,1000,21815.367484
233349.088723,1000,21884.841515
129409.061109,1000,21959.178114
172957.00959,1000,22041.755908
343980.752846,1000,22124.417349
156289.640386,1000,22205.463613
193391.386462,1000,22280.318084
187599.764796,1000,22404.131724
240120.073559,1000,22484.957678
218748.089938,1000,22565.01797
251392.353365,1000,22642.861718
162289.969984,1000,22720.896719
201099.178184,1000,22797.845381
200475.965784,1000,22931.884531
166686.413413,1000,23009.598754
255557.331741,1000,23081.991274
210972.289227,1000,23153.189488
111531.655128,1000,23236.817192
218303.153899,1000,23312.944472
211928.888329,1000,23439.934911
150366.131972,1000,23546.514976
114490.166415,1000,23654.915019
116091.095687,1000,23765.524837
207557.123822,1000,23872.287969
158245.438119,1000,23985.914594
164578.512591,1000,24169.291438
211241.352097,1000,24279.362729
188136.876895,1000,24383.455023
99614.447335,1000,24490.316501
211915.493511,1000,24599.303545
171278.757019,1000,24706.951005
222211.655128,1000,24816.518425
206455.788548,1000,24989.513952
175777.696183,1000,25090.534065
249189.679414,1000,25192.342208
206552.360401,1000,25292.345871
230624.099845,1000,25393.090473
200757.673936,1000,25500.399948
171941.352097,1000,25664.281469
181614.061929,1000,25733.442173
182531.655128,1000,25804.524008
134210.571955,1000,25879.478454
191860.071744,1000,25948.001199
187548.641601,1000,26018.027065
155808.863834,1000,26136.005017
259751.636511,1000,26205.456497
369199.820884,1000,26274.727346
244213.920403,1000,26345.190792
191303.435431,1000,26414.505893
102024.607911,1000,26484.303261
258770.855643,1000,26603.85922
333678.153899,1000,26673.23006
106044.731093,1000,26741.775315
177773.608826,1000,26811.0847
119381.197059,1000,26879.941812
344722.735745,1000,26949.643988
187551.477411,1000,27021.612497
212466.200582,1000,27146.320262
236476.988864,1000,27216.36413
160643.018764,1000,27288.560144
297027.125293,1000,27360.513542
172668.018764,1000,27432.088593
335080.106676,1000,27503.380079
327809.240138,1000,27620.016622
257242.368206,1000,27688.081372
71202.86197,1000,27759.545975
194911.221181,1000,27836.237343
186468.018764,1000,27911.908679
353236.859344,1000,27983.006904
220981.744254,1000,28100.912872
295948.594304,1000,28167.608277
192832.278692,1000,28242.027706
226543.470028,1000,28311.375344
211275.613701,1000,28380.970334
309988.629451,1000,28463.039576
287141.198841,1000,28616.945112
329763.524382,1000,28708.026838
299360.709794,1000,28801.379409
215195.229648,1000,28890.668777
76400.843191,1000,28984.870992
329284.807085,1000,29074.857551
192918.787995,1000,29166.905495
302829.092589,1000,29322.386351
167636.945318,1000,29414.475111
154416.245714,1000,29507.509932
132815.669771,1000,29582.768497
119379.914675,1000,29652.778061
264177.512435,1000,29723.175468
139870.642671,1000,29858.92268
274355.115538,1000,29954.106417
171430.011384,1000,30050.333705
218609.490336,1000,30153.456327
285115.753956,1000,30258.744547
312810.085185,1000,30361.705192
252982.564219,1000,30530.260313
148672.578035,1000,30627.768627
219749.246201,1000,30723.115297
170150.895476,1000,30804.244889
162138.315794,1000,30875.691036
77987.463208,1000,30943.10059
201536.789528,1000,31057.039847
66914.893764,1000,31124.704044
139282.883629,1000,31192.18948
212208.60917,1000,31259.013194
162953.485892,1000,31328.514167
144730.742778,1000,31396.49913
48076.443672,1000,31464.04683
170679.964156,1000,31579.305193
210655.651273,1000,31647.111875
201592.580167,1000,31714.286807
249161.098349,1000,31781.471024
242623.432777,1000,31850.120067
148105.518764,1000,31914.935638
183064.458893,1000,32028.967674
155405.781002,1000,32096.349514
119067.272495,1000,32163.158506
206647.610601,1000,32230.64604
231580.159339,1000,32299.81685
185229.243254,1000,32367.12077
153888.606999,1000,32484.756161
176793.918045,1000,32555.317415
233825.553011,1000,32623.944005
124045.694605,1000,32691.959371
249813.920403,1000,32761.196903
132024.674054,1000,32830.422428
216316.456264,1000,32948.44577
168909.343685,1000,33017.265921
217863.82296,1000,33087.121325
188481.744254,1000,33157.772787
139157.744791,1000,33226.256593
121550.857048,1000,33294.693238
114468.348797,1000,33363.153626
131656.691903,1000,33478.761381
60852.764527,1000,33546.942374
137216.650983,1000,33613.889595
199040.605637,1000,33683.077739
187603.443118,1000,33758.611585
240289.357676,1000,33828.1752
208220.283572,1000,33969.444928
75308.096585,1000,34068.137113
227027.393764,1000,34137.605934
69761.958158,1000,34209.441395
102347.794045,1000,34279.449751
68638.05031,1000,34348.391445
58027.173694,1000,34470.112763
179578.442217,1000,34543.291311
150314.871911,1000,34617.047527
227050.161621,1000,34686.299419
153433.592534,1000,34754.673224
193434.205814,1000,34822.508689
127498.084123,1000,34941.000793
195270.255186,1000,35010.248387
94005.754613,1000,35083.642287
216447.588656,1000,35155.45514
212280.975575,1000,35228.719661
118335.254259,1000,35299.558063
134647.106216,1000,35369.823918
182786.911272,1000,35497.210438
34213.034841,1000,35568.506268
220455.897552,1000,35640.942328
262257.719761,1000,35713.610375
163026.024806,1000,35785.159298
155843.30612,1000,35861.434238
211569.452456,1000,36033.494915
256944.997181,1000,36133.455642
123868.953343,1000,36239.64981
88941.400059,1000,36342.351744
169575.184888,1000,36443.558786
227761.644262,1000,36544.140986
146047.907032,1000,36719.560472
94935.043854,1000,36822.671991
127844.236529,1000,36931.521766
233121.087356,1000,37025.801196
117059.107873,1000,37114.4217
182190.969584,1000,37204.233546
147983.718423,1000,37363.463923
140978.718352,1000,37458.930319
83974.710214,1000,37551.085574
192445.391027,1000,37620.454683
93154.177934,1000,37688.53282
93423.414447,1000,37756.939307
77492.948736,1000,37825.611258
81419.571559,1000,37944.583117
108230.08773,1000,38012.227476
205107.948093,1000,38080.147786
88386.873983,1000,38148.186817
108695.291491,1000,38216.665968
141884.068147,1000,38285.640828
84469.261,1000,38404.892982
155238.690142,1000,38473.364771
178550.5691,1000,38542.747972
184502.619524,1000,38610.056147
78455.001013,1000,38685.727842
183558.787995,1000,38754.580712
140311.903656,1000,38874.648779
170518.018764,1000,38943.019512
170474.291827,1000,39011.473337
215130.518764,1000,39079.643918
83839.11511,1000,39145.981126
139018.018764,1000,39214.938527
239171.374469,1000,39335.808486
46395.291491,1000,39403.324015
153556.334915,1000,39471.099293
139462.136411,1000,39539.34811
162928.475038,1000,39607.169649
223517.642824,1000,39676.022507
154399.031422,1000,39744.486649
101866.492046,1000,39864.853497
229018.19298,1000,39932.901968
164825.553011,1000,40001.111344
142850.511346,1000,40069.80355
90585.494492,1000,40138.136891
198744.79779,1000,40206.754944
138757.360457,1000,40327.08729
189185.200895,1000,40394.488738
91703.074115,1000,40463.995197
116129.057725,1000,40533.76429
150130.04408,1000,40602.053574
89410.830266,1000,40670.952858
124451.686386,1000,40792.550792
91200.486296,1000,40860.990838
130546.308238,1000,40930.445172
80125.535104,1000,40998.705722
186586.45848,1000,41066.852319
88946.896652,1000,41136.148229
145489.936572,1000,41256.950648
112342.86539,1000,41324.468824
77891.352097,1000,41392.12469
170235.394651,1000,41460.201212
163626.973988,1000,41527.769889
137743.66452,1000,41595.369934
77223.57432,1000,41664.646723
222593.30612,1000,41785.467637
90544.685431,1000,41854.473193
123535.799919,1000,41924.221742
104534.800771,1000,41992.572082
97856.543354,1000,42060.736618
169723.57432,1000,42128.991609
144676.379968,1000,42249.881795
199310.875907,1000,42318.486047
155640.240986,1000,42385.218755
191225.490028,1000,42454.474971
129206.94092,1000,42524.077868
98894.133414,1000,42593.955079
92534.31913,1000,42712.503041
200208.422804,1000,42780.231001
118596.590193,1000,42848.61949
91762.446009,1000,42917.17762
142486.955641,1000,42984.832587
172684.3824,1000,43053.191355
185270.208545,1000,43173.45214
163636.246189,1000,43242.222168
145696.638293,1000,43311.572632
159308.863834,1000,43380.567851
216372.479731,1000,43448.548163
175918.018764,1000,43517.148231
155593.188832,1000,43586.189089
114463.392429,1000,43704.79669
175974.470377,1000,43773.071684
180168.018764,1000,43842.220399
126711.642925,1000,43910.166036
190160.951626,1000,43978.141568
155633.135043,1000,44047.187647
107522.185431,1000,44166.327345
44714.99863,1000,44234.990397
185259.930529,1000,44303.500955
173992.343088,1000,44371.369601
156473.666605,1000,44439.463154
165248.604845,1000,44507.607966
114881.834553,1000,44626.50919
109358.654215,1000,44694.489509
117466.579915,1000,44763.351884
204409.025958,1000,44831.424036
134300.949278,1000,44899.974645
175739.925119,1000,44967.652439
187853.000449,1000,45086.258814
244035.177436,1000,45154.170167
133980.518764,1000,45222.31325
158105.518764,1000,45290.232213
135634.685431,1000,45358.756424
182355.518764,1000,45427.090647
168097.279214,1000,45495.766831
183047.139643,1000,45613.418307
173307.304478,1000,45678.332295
180003.106483,1000,45747.077852
188418.854884,1000,45814.98245
115317.855898,1000,45883.307079
170478.829575,1000,45950.967206
300030.895018,1000,46070.394389
161562.667593,1000,46138.106147
201285.260143,1000,46206.773787
191992.343088,1000,46275.553622
199847.072818,1000,46343.485522
173001.352097,1000,46412.370477
266885.190481,1000,46532.377568
178683.079005,1000,46600.010126
168335.157574,1000,46668.761693
176961.864918,1000,46737.286661
201380.437065,1000,46805.66831
183326.292145,1000,46873.802401
142026.993123,1000,46994.855277
130491.86218,1000,47063.244885
192148.410921,1000,47130.980169
224128.141463,1000,47200.032998
197684.910656,1000,47269.197437
187581.133518,1000,47337.100545
164347.420757,1000,47405.299525
189084.951671,1000,47524.333256
208647.264047,1000,47591.219906
173712.236451,1000,47659.780397
169410.920972,1000,47728.399486
54785.040041,1000,47797.171325
210843.4286,1000,47865.501699
221595.604971,1000,47985.513066
183258.050918,1000,48054.30443
130753.158083,1000,48122.265488
151586.703885,1000,48190.492482
197443.490462,1000,48258.099534
213334.685431,1000,48325.818182
191785.766204,1000,48446.544352
201083.273001,1000,48514.735094
281256.254058,1000,48584.54607
175913.838162,1000,48653.953199
141462.136411,1000,48722.673846
183461.948476,1000,48790.683364
212955.897552,1000,48913.987745
187480.92199,1000,48980.377926
187488.140715,1000,49048.734138
168004.496751,1000,49117.491834
202631.686584,1000,49186.924365
215848.720518,1000,49254.18955
178725.395813,1000,49322.453409
111580.606177,1000,49442.479368
204449.708905,1000,49511.173568
289193.473309,1000,49580.887856
204949.708905,1000,49649.26403
205911.791006,1000,49716.92395
119244.105721,1000,49785.695675
101932.919426,1000,49905.789028
148980.316499,1000,49973.408093
172192.073747,1000,50041.620335
123019.370115,1000,50109.90807
78050.581042,1000,50179.036703
322073.556223,1000,50247.021443
62495.002891,1000,50367.654271
186587.066383,1000,50435.633337
127855.518764,1000,50504.402344
165897.945771,1000,50573.167798
188722.83604,1000,50641.347276
104760.124027,1000,50709.603183
90221.646524,1000,50832.29308
155025.161621,1000,50900.519665
189047.877421,1000,50968.975813
58227.498318,1000,51036.983228
74710.502424,1000,51106.335626
117491.962426,1000,51174.796593
123891.945144,1000,51243.29334
158504.936327,1000,51363.850388
166582.564219,1000,51431.9795
137276.043455,1000,51501.274121
131995.469744,1000,51569.62823
121706.480302,1000,51638.399127
94859.799586,1000,51707.023317
137712.890559,1000,51827.472644
192457.055309,1000,51895.514441
70317.444051,1000,51964.008107
179800.527598,1000,52032.424329
124740.866446,1000,52100.869039
93010.124027,1000,52166.929292
156041.258201,1000,52287.991062
61279.483732,1000,52355.723976
147302.246952,1000,52424.473116
227455.738062,1000,52492.898921
182865.297676,1000,52561.708071
78589.945674,1000,52630.113648
125046.223892,1000,52756.01625
183929.923526,1000,52825.280787
92588.513464,1000,52893.26832
164335.319144,1000,52962.482303
143887.888471,1000,53031.086762
137833.547774,1000,53098.600951
165376.047961,1000,53166.684062
191725.214336,1000,53287.684598
89023.364676,1000,53356.428711
114984.920172,1000,53424.981398
111935.695532,1000,53492.672563
175202.501523,1000,53560.683085
199031.032463,1000,53629.698341
187336.984281,1000,53750.418016
162378.228974,1000,53818.439153
67951.555349,1000,53886.65716
161458.341345,1000,53955.239807
156415.607188,1000,54023.236845
179587.160678,1000,54092.124751
192008.154818,1000,54213.431842
202708.018764,1000,54281.97084
162256.543354,1000,54350.346276
107114.988461,1000,54419.084638
245115.213483,1000,54487.245115
177231.777153,1000,54554.751608
196999.520595,1000,54676.682794
199662.042668,1000,54744.130834
173129.95648,1000,54811.740998
206061.352097,1000,54880.345402
99283.690406,1000,54948.702644
180860.565348,1000,55017.074093
91025.645883,1000,55085.66236
131547.329109,1000,55207.228545
184463.639202,1000,55275.169604
102174.491256,1000,55344.507747
173926.522165,1000,55413.125289
176320.045791,1000,55479.214612
171780.186064,1000,55547.382035
136322.106814,1000,55668.722483
144250.255606,1000,55736.775701
106490.363086,1000,55805.77098
175239.447335,1000,55874.67723
147689.447335,1000,55942.52997
167587.032848,1000,56011.021123
147418.877871,1000,56136.433235
146723.96282,1000,56205.314538
92105.518764,1000,56274.170404
151569.402847,1000,56342.898032
92481.887377,1000,56410.701132
125211.632471,1000,56477.841534
105459.833711,1000,56599.193484
131634.120459,1000,56666.979959
184342.843939,1000,56734.705925
127678.466525,1000,56804.391046
143020.53675,1000,56873.49595
121777.628374,1000,56942.097303
123751.636511,1000,57011.219038
123056.907653,1000,57132.512268
167641.702975,1000,57199.682487
143990.104654,1000,57268.549509
156174.821485,1000,57337.062556
154227.459323,1000,57405.398784
171353.829575,1000,57473.284702
109628.195755,1000,57593.670906
174161.122212,1000,57661.741469
144612.823959,1000,57729.578046
134822.695023,1000,57798.542048
152493.27828,1000,57867.011931
139239.680002,1000,57935.685292
113378.54508,1000,58055.536284
201726.237942,1000,58124.488363
127964.005386,1000,58193.752814
98414.287421,1000,58262.522968
125928.73305,1000,58330.910764
135390.240986,1000,58399.067864
113310.340861,1000,58518.165004
157666.160028,1000,58585.40367
182467.288837,1000,58653.935343
138164.640386,1000,58723.276045
153198.119098,1000,58790.125986
144131.715134,1000,58858.629942
114467.288837,1000,58927.773677
76835.850932,1000,59045.791834
149037.583981,1000,59113.831795
156636.10387,1000,59181.786857
162645.050566,1000,59249.813637
151284.297834,1000,59317.636261
160178.292737,1000,59386.461134
132459.94423,1000,59506.714219
123947.474957,1000,59575.449342
130200.486296,1000,59644.318337
158356.172074,1000,59712.595932
218325.913501,1000,59780.28357
160522.735745,1000,59847.6799
148957.156144,1000,59966.938086
140365.820962,1000,60035.687234
158910.157129,1000,60103.747232
103451.802548,1000,60172.240625
150410.056981,1000,60241.029947
155756.868938,1000,60309.398011
126316.954934,1000,60430.676873
125190.9414,1000,60499.739778
181204.808062,1000,60568.14849
183622.936797,1000,60636.704185
139114.447335,1000,60704.453839
151082.772862,1000,60772.346179
181554.778346,1000,60840.724419
164281.731139,1000,60959.728596
165570.749139,1000,61027.943513
92153.934257,1000,61097.451605
128570.012119,1000,61165.851379
74888.155283,1000,61233.464788
69190.969584,1000,61301.619918
178495.224646,1000,61420.015362
134268.322715,1000,61488.409292
135525.419486,1000,61557.417075
123325.015351,1000,61625.948266
165351.965252,1000,61694.64751
117321.864918,1000,61763.30581
134265.57974,1000,61882.149201
93614.827275,1000,61950.492979
157699.053247,1000,62017.21831
79766.531775,1000,62085.464119
65617.249533,1000,62154.152599
119969.205708,1000,62223.046837
84302.564219,1000,62340.999157
70920.461761,1000,62409.753751
107366.101831,1000,62478.175835
133346.590193,1000,62546.795144
101759.992008,1000,62615.977727
146495.777961,1000,62684.914623
89951.235547,1000,62753.321236
130559.910656,1000,62871.429036
125901.164831,1000,62939.386209
172642.28347,1000,63007.95774
136341.931807,1000,63075.958781
142453.230032,1000,63144.63996
123635.339025,1000,63212.118141
136799.920604,1000,63329.866848
183195.990792,1000,63398.501798
202823.424169,1000,63467.102293
159853.637493,1000,63535.778753
140701.56509,1000,63604.013116
146248.171436,1000,63671.983283
145675.161621,1000,63788.854303
109184.466132,1000,63856.948606
159207.057803,1000,63926.879984
136798.615779,1000,63994.957815
167552.898489,1000,64063.257659
207078.131124,1000,64131.985303
233294.372555,1000,64267.611719
186662.442556,1000,65451.126951
129629.011672,1000,65551.924392
171784.215947,1000,65650.249156
160081.926049,1000,65751.398995
155853.637493,1000,65861.55268
165247.866673,1000,65972.053901
193133.927855,1000,66169.507591
182599.597711,1000,66295.827443
191986.886689,1000,66438.51317
179584.401017,1000,66552.96589
189481.607614,1000,66667.997215
130742.731408,1000,66775.79372
179583.45994,1000,66965.638189
115914.112514,1000,67075.436731
185952.405381,1000,67192.836166
162121.507136,1000,67303.692563
138015.637812,1000,67417.700237
182820.939726,1000,67530.280126
159615.731182,1000,67721.456736
113934.302289,1000,67829.180917
114994.259899,1000,67951.762985
167598.398511,1000,68064.944732
146015.536494,1000,68183.926769
203918.018764,1000,68296.615866
99327.527966,1000,68489.286064
169968.018764,1000,68600.715834
171580.606177,1000,68711.243746
117288.018764,1000,68830.731339
177658.861255,1000,68940.52999
187420.726345,1000,69043.835805
121380.437065,1000,69128.483032
148711.427124,1000,69308.367375
125951.802548,1000,69397.117206
164903.804717,1000,69511.746428
132448.720518,1000,69600.874602
207550.371705,1000,69681.354455
193262.136411,1000,69752.777668
184710.272285,1000,69890.084302
169348.142988,1000,71157.664165
68067.660341,1000,71229.939261
162120.880717,1000,71309.155296
161564.988461,1000,71379.373226
159738.927855,1000,71451.34808
152191.00727,1000,71583.955956
218459.531679,1000,71661.490831
132116.824225,1000,71732.539289
250825.736885,1000,71802.249629
143561.461387,1000,71871.681583
132587.066383,1000,71958.021176
142734.920172,1000,72116.773719
148592.580167,1000,72189.507775
191046.397142,1000,72262.637342
133164.52226,1000,72336.432382
175393.473309,1000,72410.038942
174605.949798,1000,72482.296278
180854.211233,1000,72556.480401
188350.161621,1000,72674.014329
179402.145748,1000,72746.537559
154032.487628,1000,72847.418869
108768.018764,1000,72941.791169
123239.731911,1000,73010.329756
151801.76362,1000,73081.289762
149194.248272,1000,73208.868558
115420.848953,1000,73282.203517
173955.252807,1000,73356.619595
186998.407457,1000,73431.100724
144157.779856,1000,73505.618989
153418.018764,1000,73579.389265
180116.923873,1000,73703.705492
146776.433003,1000,73778.021824
156960.471594,1000,73849.539948
157171.124354,1000,73938.609385
166622.879875,1000,74008.657426
236363.59072,1000,74079.303355
180101.352097,1000,74198.522915
99720.746037,1000,74267.527931
152506.200582,1000,74338.11424
196194.634734,1000,74426.587135
158275.657653,1000,74522.553668
140594.728862,1000,74609.3424
150505.404782,1000,74684.071553
153041.352097,1000,74827.890026
178119.742902,1000,74898.980923
207469.489352,1000,74989.276429
181161.418104,1000,75104.120632
125526.50933,1000,75192.171882
127931.86716,1000,75263.766566
202570.274403,1000,75402.807132
183506.097056,1000,75491.413228
93078.681588,1000,75561.721269
213323.9123,1000,75631.442478
170755.610005,1000,75709.217353
147715.963969,1000,75781.7667
116404.084338,1000,75915.591332
167072.936797,1000,75991.277284
118038.648135,1000,76097.418818
218837.136411,1000,76173.55818
147396.088939,1000,76245.719288
114627.577588,1000,76322.897405
208826.469468,1000,76494.177147
146242.092838,1000,76574.76881
129319.658108,1000,76671.377388
157779.740376,1000,76761.58237
152514.308517,1000,76858.877474
146240.803574,1000,76944.028906
176265.3342,1000,77045.902815
190748.663925,1000,77196.03574
128445.796542,1000,77295.058254
176853.139871,1000,77366.92409
153191.991367,1000,77445.094193
269566.359013,1000,77545.429139
209519.163802,1000,77616.729697
109797.776549,1000,77759.720799
214164.35576,1000,77830.560254
177953.001699,1000,77901.24973
167578.466525,1000,77973.376093
181932.919426,1000,78045.487972
118982.833579,1000,78114.678364
172907.001815,1000,78253.494491
172942.454854,1000,78326.843342
147753.983676,1000,78397.972837
117687.31701,1000,78494.443142
100019.870616,1000,78595.739723
98586.480302,1000,78699.767463
169964.071396,1000,82698.113599
177109.195235,1000,82811.310996
190597.123242,1000,82934.944754
124880.437065,1000,83047.764769
139583.301156,1000,83155.899674
130182.103271,1000,83266.908692
216114.061929,1000,83374.624962
118517.499733,1000,83542.150681
188684.3824,1000,83644.401504
142769.442252,1000,83746.231456
139246.19466,1000,83850.987341
203240.482532,1000,83956.726025
149048.971145,1000,84052.255559
156684.3824,1000,84260.508439
112020.417288,1000,84378.856394
174564.245179,1000,84490.243803
140042.212312,1000,84610.010683
186137.406519,1000,84720.816159
211485.586332,1000,84826.541507
139698.177494,1000,85002.519569
155309.240138,1000,85115.585867
156963.81456,1000,85226.732069
173124.3824,1000,85346.870343
155785.665823,1000,85465.694087
190492.018764,1000,85584.413076
93859.607549,1000,85781.693327
170459.06354,1000,85898.653751
100763.000843,1000,86014.270737
166821.217417,1000,86131.205469
190710.143306,1000,86235.492929
182581.552599,1000,86347.096589
130589.402412,1000,86447.772877
186293.018764,1000,86624.186831
102277.867249,1000,86724.610687
138518.337235,1000,86827.373399
186734.195235,1000,86931.778328
153018.018764,1000,87041.658846
139323.134276,1000,87145.620463
148199.564505,1000,87332.4742
195948.594304,1000,87435.97878
94874.07937,1000,87534.880615
148677.990274,1000,87635.418634
172584.685431,1000,87738.157723
156676.436272,1000,87841.157598
162073.74267,1000,88017.432927
146472.813285,1000,88125.048152
109990.448671,1000,88233.26726
92432.534893,1000,88338.231029
140111.281175,1000,88439.089788
145211.655128,1000,88537.84192
178148.934795,1000,88724.056098
125860.060286,1000,88825.409541
231795.75599,1000,88926.006041
142995.380328,1000,89026.248999
144135.231879,1000,89118.870697
236981.248336,1000,89216.998751
153939.554345,1000,89316.825619
141278.705787,1000,89495.074325
83760.484517,1000,89590.617314
159982.833579,1000,89690.296388
130344.489352,1000,89795.174163
111417.141571,1000,89895.251451
119524.183148,1000,89993.908059
161550.108316,1000,90152.655386
86230.06256,1000,90248.760275
172999.004679,1000,90344.608835
110804.061167,1000,90440.23647
82051.947335,1000,90532.943738
174659.368245,1000,90626.597278
120299.963208,1000,90787.840203
118544.489352,1000,90881.555698
170294.334553,1000,90980.839237
185671.590193,1000,91082.813651
180293.420693,1000,91198.88319
171386.409569,1000,91300.816694
152568.740786,1000,91466.848708
162979.207575,1000,91566.809608
94250.171738,1000,91673.984332
105869.606066,1000,91772.089786
140579.990595,1000,91856.039616
179741.901926,1000,91940.780634
176016.893362,1000,92038.308835
104848.431135,1000,92183.875251
93064.570488,1000,92255.909184
150072.598917,1000,92329.604264
158029.129875,1000,92399.078391
116794.28139,1000,92468.0796
126939.757894,1000,92538.287679
101138.89255,1000,92657.390645
117955.180926,1000,92727.694148
178793.018764,1000,92799.416853
113412.086561,1000,92869.094084
86616.179299,1000,92938.165331
150015.844851,1000,93007.376579
146425.061018,1000,93125.909631
149213.473309,1000,93195.424798
116051.51391,1000,93265.740984
155369.238276,1000,93335.264055
56983.113104,1000,93404.57474
102476.743596,1000,93474.643647
153140.046736,1000,93597.03123
161663.068269,1000,93672.623544
127094.592191,1000,93742.810543
127775.426171,1000,93812.066205
134273.787995,1000,93891.734598
168981.309903,1000,93963.677144
176137.613359,1000,94035.468667
152869.049692,1000,94155.544913
120236.747286,1000,94227.821671
147706.778454,1000,94300.012026
182735.231879,1000,94370.331938
184807.474546,1000,94439.339696
115043.476639,1000,94508.621405
138957.156144,1000,94630.32123
46556.297152,1000,94703.910821
109151.517114,1000,94777.190131
147608.69673,1000,94846.824276
172036.871223,1000,94920.579633
170389.447335,1000,94991.892718
98122.006494,1000,95129.350662
185117.839553,1000,95243.333822
129314.447335,1000,95321.05288
118700.222154,1000,95394.063736
149161.262007,1000,95465.528675
175156.824734,1000,95534.649379
137617.683194,1000,95682.522441
152866.980702,1000,95784.547151
120504.652427,1000,95860.478373
110852.582522,1000,95929.926692
162745.067944,1000,96018.033585
170413.920403,1000,114251.866085
165063.443601,1000,114344.30825
121929.422273,1000,114507.649627
175583.705039,1000,114610.968014
108637.898282,1000,114722.464355
154138.118432,1000,114827.959635
137536.116924,1000,114942.498482
140709.303168,1000,115054.331509
163733.855063,1000,115244.334291
113151.993123,1000,115345.136862
144660.132329,1000,115460.567407
149134.573948,1000,115572.997623
150184.044405,1000,115681.626687
173845.871113,1000,115794.996892
164753.473309,1000,115988.826702
139052.867249,1000,116092.191918
134526.714416,1000,116200.19468
145006.615255,1000,116333.419894
124602.182465,1000,116469.190017
73688.464861,1000,116606.518714
177689.470909,1000,116831.346278
88467.338492,1000,116965.311459
121298.891247,1000,117105.438221
172968.69444,1000,117240.910599
104968.672359,1000,117370.746295
176935.99262,1000,117499.08516
252785.119136,1000,117596.283051
181111.281175,1000,117756.349661
130598.018764,1000,117847.85013
63199.268764,1000,117953.122088
115698.963389,1000,118061.2718
74228.302452,1000,118155.341733
121377.808974,1000,118253.97356
149138.078644,1000,118412.100124
160202.600897,1000,118504.966717
147340.096686,1000,118599.117988
105230.518764,1000,118689.708374
141569.334553,1000,118786.344098
169230.06256,1000,118881.849397
148682.617304,1000,119037.077936
99014.17261,1000,119126.701052
54948.410921,1000,119234.316523
145157.492448,1000,119325.383424
142402.132476,1000,119414.299731
96748.346633,1000,119508.458054
161197.004271,1000,119666.094929
109989.447335,1000,119763.234724
132668.018764,1000,119856.645757
159920.706936,1000,119949.111844
138191.667413,1000,120025.303407
162465.891104,1000,120095.793117
150345.438119,1000,120167.200603
229748.555677,1000,120295.471532
114872.645099,1000,120383.30531
162018.18163,1000,120459.082992
186149.968222,1000,120538.522266
147905.198251,1000,120612.122191
109133.772189,1000,120692.603121
116474.685431,1000,120819.73077
139482.304478,1000,120902.014617
175069.836946,1000,120983.73214
126541.095687,1000,121062.758963
125635.815374,1000,121141.033148
95699.933658,1000,121218.60423
113542.190949,1000,121350.431825
137446.542254,1000,121428.286384
136958.494954,1000,121507.921052
132954.85262,1000,121588.038644
169708.559305,1000,121667.836536
164628.450419,1000,121746.517904
108873.679141,1000,121878.532033
116006.14826,1000,121957.429183
105554.600234,1000,122035.287507
102440.746037,1000,122114.770657
89601.753704,1000,122189.181588
124345.323729,1000,122269.186414
160440.018764,1000,122346.794499
